Nombre,Password,Genero,Edad,Email,Correo
Elena,12345,Femenino,22,,elena@gmai.com
Omar,12345,Masculino,21,,omar@gmail.com
Carlo,12345,Masculino,20,,carlo@gmail.com
Mau,12345,Masculino,21,,mau@gmail.com
Isis,12345,Femenino,22,,isis@gmail.com
Feregrino,12345,Masculino,19,,Fere@gmail.com
Emiliano,12345,Masculino,20,,emi@gmail.com
Elena,12345,Femenino,22,,elena@gmai.com
Omar,12345,Masculino,21,,omar@gmail.com
Carlo,12345,Masculino,20,,carlo@gmail.com
Mau,12345,Masculino,21,,mau@gmail.com
Isis,12345,Femenino,22,,isis@gmail.com
Feregrino,12345,Masculino,19,,Fere@gmail.com
Emiliano,12345,Masculino,20,,emi@gmail.com
Elena,12345,Femenino,22,,elena@gmai.com
Omar,12345,Masculino,21,,omar@gmail.com
Carlo,12345,Masculino,20,,carlo@gmail.com
Mau,12345,Masculino,21,,mau@gmail.com
Isis,12345,Femenino,22,,isis@gmail.com
Feregrino,12345,Masculino,19,,Fere@gmail.com
Emiliano,12345,Masculino,20,,emi@gmail.com
Elena,12345,Femenino,22,,elena@gmai.com
Omar,12345,Masculino,21,,omar@gmail.com
Carlo,12345,Masculino,20,,carlo@gmail.com
Mau,12345,Masculino,21,,mau@gmail.com
Isis,12345,Femenino,22,,isis@gmail.com
Feregrino,12345,Masculino,19,,Fere@gmail.com
Emiliano,12345,Masculino,20,,emi@gmail.com
